Date,Open,High,Low,Close,Volume
04/11/2024,18220.4,18251.99,18112.83,18248.87,1339.569
01/11/2024,18189.67,18363.94,18181.53,18239.92,5896.47
31/10/2024,18427.31,18427.31,18083.95,18095.15,6411.94
30/10/2024,18731.69,18785.5,18598.24,18607.93,6514.69
29/10/2024,18576.09,18753.19,18509.59,18712.75,6881.17
28/10/2024,18648.25,18671.01,18563.02,18567.19,5641.66
25/10/2024,18512.58,18690.01,18487.06,18518.61,6100.04
24/10/2024,18384.16,18435.37,18305.42,18415.49,5761.28
23/10/2024,18502.06,18509.19,18146.61,18276.65,6245.61
22/10/2024,18451.86,18620.71,18413.47,18579.77,6407.18
21/10/2024,18456.48,18543.58,18377.63,18540.01,6092.18
18/10/2024,18466.01,18524.33,18452.58,18489.55,5090.19
17/10/2024,18537.21,18541.46,18368.79,18373.61,5806.86
16/10/2024,18333.29,18383.11,18214.96,18367.08,5257.57
15/10/2024,18515.97,18564.25,18252.52,18315.59,6522.7
14/10/2024,18426.66,18547.92,18423.6,18502.69,4894.71
11/10/2024,18217.73,18375.53,18208.44,18342.94,5140.44
10/10/2024,18200.62,18333.39,18154.18,18282.05,5855.39
09/10/2024,18179.22,18302.05,18133.02,18291.62,5228.67
08/10/2024,18017.93,18203.04,17989.7,18182.92,5566.51
07/10/2024,18080.12,18096.33,17900.04,17923.9,5240.32
04/10/2024,18130.42,18145.28,17952.3,18137.85,5136.07
03/10/2024,17859.49,18011.25,17826.42,17918.48,5208.99
02/10/2024,17867.12,17978.58,17767.79,17925.12,5489.04
01/10/2024,18154.94,18162.72,17779.77,17910.36,5879.98
30/09/2024,18069.83,18198.16,17997.56,18189.17,5846.15
27/09/2024,18228.78,18238.28,18069.18,18119.59,5367.89
26/09/2024,18327.34,18327.34,18071.74,18190.29,5669.21
25/09/2024,18050.36,18155.04,18040.62,18082.21,4858.06
24/09/2024,18046.44,18091.96,17863.38,18074.52,5347.58
23/09/2024,17994.91,18021.58,17936.37,17974.27,5237.31
20/09/2024,17999.35,18024.34,17835.64,17948.32,9914.48
19/09/2024,17980.89,18099.93,17909.75,18013.98,5574.65
18/09/2024,17663.38,17832.7,17556.43,17573.3,5611.63
17/09/2024,17707.02,17781.74,17544.64,17628.06,4959.52
16/09/2024,17573.7,17618.4,17480.66,17592.13,4675.53
13/09/2024,17575.26,17719.14,17564.61,17683.98,4802.88
12/09/2024,17413.89,17605.72,17338.32,17569.68,4983.12
11/09/2024,17061.41,17420.23,16787.84,17395.53,6086.93
10/09/2024,16949.64,17036.07,16801.13,17025.88,4963.74
09/09/2024,16835.67,16923.28,16732.84,16884.6,5132.15
06/09/2024,17137.62,17166.54,16668.57,16690.83,5549.03
05/09/2024,17063.24,17295.58,17035.07,17127.66,4983.03
04/09/2024,17015.71,17232.65,16984.67,17084.3,5011.82
03/09/2024,17585.45,17585.45,17057.79,17136.3,5813.97
30/08/2024,17650.49,17720.38,17498.79,17713.62,5531.15
29/08/2024,17610.57,17789.21,17482.6,17516.43,5727.78
28/08/2024,17738.8,17759.94,17439.4,17556.03,5211.92
27/08/2024,17655.52,17789.72,17573.37,17754.82,4362.38
26/08/2024,17867.85,17909.09,17645.69,17725.77,5110.94
23/08/2024,17772.73,17941.27,17700.27,17877.79,5380.81
22/08/2024,17993.72,18017.69,17589.15,17619.35,5065.36
21/08/2024,17840.51,17963.07,17790.98,17918.99,4765.15
20/08/2024,17849.09,17932.53,17758.2,17816.94,5305.26
19/08/2024,17649.74,17877.44,17585.58,17876.77,5564.3
16/08/2024,17516.4,17674.65,17502.83,17631.72,5138.15
15/08/2024,17394.54,17602.72,17375.41,17594.5,5478.17
14/08/2024,17227.64,17260.73,17032.17,17192.6,4985.48
13/08/2024,16944.74,17192.79,16943.95,17187.61,5469.16
12/08/2024,16793.64,16895.79,16699.39,16780.61,4890.85
09/08/2024,16636.52,16789.22,16574.57,16745.3,5783.41
08/08/2024,16408.27,16694.25,16262.93,16660.02,5815.88
07/08/2024,16622.31,16709.81,16179.53,16195.81,5913.62
06/08/2024,16261.36,16620.31,16137.65,16366.85,5908.93
05/08/2024,15712.53,16453.46,15708.54,16200.08,6852.19
02/08/2024,16780.45,16920.63,16582.79,16776.16,6313.87
01/08/2024,17647.03,17791.58,17051.42,17194.15,6664.55
31/07/2024,17499.23,17693.98,17438.6,17599.4,6292.56
30/07/2024,17424.1,17468.56,17015.38,17147.42,5564.31
29/07/2024,17444.39,17535.32,17299.83,17370.2,4897.23
26/07/2024,17331.95,17454.57,17239.99,17357.88,5281.56
25/07/2024,17352.64,17544.46,17033.96,17181.72,6114.35
24/07/2024,17733.91,17747.06,17313.52,17342.41,6735.56
23/07/2024,17982.74,18128.38,17968.1,17997.35,4938
22/07/2024,17923.65,18040.99,17839.76,18007.57,5093.62
19/07/2024,17835.59,17935.14,17691.43,17726.94,4992.93
18/07/2024,18119.15,18130.87,17759.54,17871.22,5977.26
17/07/2024,18188.19,18223.24,17972.87,17996.92,6007.28
16/07/2024,18534.27,18576.83,18386.07,18509.34,5812.93
15/07/2024,18485.91,18641.53,18397.83,18472.57,5450.35
12/07/2024,18303.64,18556.73,18293.6,18398.45,5845.93
11/07/2024,18659.25,18671.07,18238.78,18283.41,6366.62
10/07/2024,18512.09,18655.19,18467.58,18647.45,5228.24
09/07/2024,18465.02,18511.89,18381.6,18429.29,4839.14
08/07/2024,18371.86,18416.94,18342.6,18403.74,5286.26
05/07/2024,18200.6,18366.31,18197.14,18352.76,4851
03/07/2024,18016.12,18188.3,18016.12,18188.3,3713.96
02/07/2024,17808.04,18031.29,17802.24,18028.76,4526.55
01/07/2024,17773.9,17894.28,17657.64,17879.3,5189.99
28/06/2024,17891.1,18035,17723.83,17732.6,8960.94
27/06/2024,17793.95,17892.78,17765.42,17858.68,5382.06
26/06/2024,17697.27,17813.55,17687.07,17805.16,5294.31
25/06/2024,17572.16,17734.34,17546.63,17717.65,4848.28
24/06/2024,17640.26,17730.12,17494.02,17496.82,5503.21
21/06/2024,17681.01,17787.34,17620.57,17689.36,8589.16
20/06/2024,17913.94,17936.79,17650.69,17721.59,6289.3
18/06/2024,17856.76,17890.52,17796.88,17862.23,5796.18
17/06/2024,17697.3,17935.99,17636.36,17857.02,6061.2
14/06/2024,17621.18,17693.43,17590.8,17688.88,4973.82
13/06/2024,17715.27,17741.8,17566.32,17667.56,4916.02
12/06/2024,17502.15,17725.39,17490.64,17608.44,5560.63
11/06/2024,17160.42,17345.05,17107.99,17343.55,5009.22
10/06/2024,17083.45,17213.45,17057.34,17192.53,5207.11
07/06/2024,17124.14,17229.31,17090.04,17133.13,4755.65
06/06/2024,17204.87,17235.73,17123.59,17173.12,4960.58
05/06/2024,16974.48,17187.92,16955.56,17187.9,5325
04/06/2024,16823.88,16891.87,16750.39,16857.05,4917.35
03/06/2024,16865.7,16909.89,16646.43,16828.67,5422.04
31/05/2024,16771.9,16789.27,16445.54,16735.02,6674.09
30/05/2024,16878.63,16900.46,16690.36,16737.08,6659.29
29/05/2024,16879.35,16989.6,16873.97,16920.58,6652.48
28/05/2024,16988.31,17032.66,16917.51,17019.88,6293.38
24/05/2024,16786.79,16947.8,16771.58,16920.79,5836.04
23/05/2024,16996.39,16996.39,16678.37,16736.03,7752.8
22/05/2024,16839.02,16855.27,16712.09,16801.54,7277.34
21/05/2024,16736.1,16839.02,16719.97,16832.62,6245.09
20/05/2024,16702.02,16823.83,16695.69,16794.87,6861.32
17/05/2024,16708.49,16726.41,16613.84,16685.97,9587.28
16/05/2024,16738.11,16797.83,16693.45,16698.32,11932.6
15/05/2024,16601.14,16749.74,16544.09,16742.39,8538.99
14/05/2024,16391.16,16526.27,16386.43,16511.18,7270.24
13/05/2024,16400.31,16407.05,16334.86,16388.24,4452.75
10/05/2024,16389.02,16437.39,16293.52,16340.87,4402.11
09/05/2024,16323.74,16362.79,16241.98,16346.26,4505.12
08/05/2024,16226.07,16341.65,16226.07,16302.76,4530.19
07/05/2024,16358.34,16397.39,16303.84,16332.56,5041.87
06/05/2024,16208.54,16350.08,16197.86,16349.25,4460.13
03/05/2024,16147.48,16204.71,16068.34,16156.33,4887.31
02/05/2024,15758.11,15862.79,15604.73,15840.96,4901.61
01/05/2024,15646.09,15926.22,15557.64,15605.48,5277.79
30/04/2024,15920.89,15979.36,15655.67,15657.82,5229.4
29/04/2024,16007,16021.49,15885.89,15983.08,4972.52
26/04/2024,15821.34,15981,15770.72,15927.9,4694.4
25/04/2024,15375.26,15644.51,15343.91,15611.76,4743.64
24/04/2024,15805.6,15839,15634.44,15712.75,4735.87
23/04/2024,15525.55,15730.35,15510.59,15696.64,4951.67
22/04/2024,15396.13,15539,15265.66,15451.31,4616.73
19/04/2024,15547.1,15576.7,15222.78,15282.01,5316.01
18/04/2024,15705.69,15786.12,15587.5,15601.5,4932.54
17/04/2024,15942.29,15957.03,15654.51,15683.37,4991.47
16/04/2024,15856.38,15965.79,15822.02,15865.25,5001.86
15/04/2024,16276.47,16295.27,15863.88,15885.02,4910.55
12/04/2024,16293.03,16341.46,16125.33,16175.09,4552.74
11/04/2024,16236.2,16464.6,16154.65,16442.2,4714.75
10/04/2024,16104.01,16200.1,16092.02,16170.36,5308.25
09/04/2024,16328.76,16348.18,16141.15,16306.64,4869.19
08/04/2024,16285.18,16323.6,16220.72,16253.96,4386.7
05/04/2024,16095.4,16326.5,16080.48,16248.52,4578.13
04/04/2024,16418.57,16468.04,16046.56,16049.08,5368.7
03/04/2024,16178.8,16340.74,16169.31,16277.46,5151.5
02/04/2024,16199.24,16251.41,16137.24,16240.45,4710.28
01/04/2024,16397.05,16490.65,16327.89,16396.83,4798.39
28/03/2024,16377.23,16420.92,16347.38,16379.46,5174.45
27/03/2024,16424.76,16431.82,16279.17,16399.52,4768.93
26/03/2024,16446.85,16476.38,16312.95,16315.7,5144.26
25/03/2024,16335.3,16441.17,16315.72,16384.47,4636.94
22/03/2024,16387.83,16467.62,16361,16428.82,4339.93
21/03/2024,16517.24,16538.86,16393.9,16401.84,5134.74
20/03/2024,16185.76,16377.44,16127.48,16369.41,5298.38
19/03/2024,16031.93,16175.59,15951.86,16166.79,4758.74
18/03/2024,16154.92,16247.59,16094.17,16103.45,5025.04
15/03/2024,16043.58,16055.33,15925.91,15973.17,8261.95
14/03/2024,16209.19,16245.32,16039.68,16128.53,5450.98
13/03/2024,16220.11,16233.3,16143.34,16177.77,4839
12/03/2024,16116.98,16275.45,15992.98,16265.64,5100.33
11/03/2024,16052.63,16085.95,15978.04,16019.27,4917.62
08/03/2024,16322.1,16449.7,16059.5,16085.11,5411.79
07/03/2024,16147.32,16309.02,16096.01,16273.38,5072.79
06/03/2024,16092,16128.56,15956.66,16031.54,5511.37
05/03/2024,16077.74,16087.57,15862.63,15939.59,6356.8
04/03/2024,16264.21,16289.06,16199.06,16207.51,5725.47
01/03/2024,16109.83,16302.24,16096.6,16274.94,5457.91
29/02/2024,16059.34,16115.96,15931.7,16091.92,6265.34
28/02/2024,15969.14,16003.56,15924.72,15947.74,5581.69
27/02/2024,16013.98,16046.1,15940.51,16035.3,5423.02
26/02/2024,16014.45,16054.9,15973.9,15976.25,5417.63
23/02/2024,16094.8,16134.22,15954.5,15996.82,5077.91
22/02/2024,15904.48,16061.82,15869.24,16041.62,5653.93
21/02/2024,15532.12,15583.68,15451.65,15580.87,4845.74
20/02/2024,15679.84,15730.47,15508.5,15630.78,5595.7
16/02/2024,15910.43,15917.41,15752.02,15775.65,5223.8
15/02/2024,15865.3,15911.22,15779.72,15906.17,6049.1
14/02/2024,15781.71,15865.51,15683.94,15859.15,5092.66
13/02/2024,15598.88,15770.42,15551.44,15655.6,5599.86
12/02/2024,15980.62,16080.07,15917.87,15942.55,5458.49
09/02/2024,15842.38,16007.29,15831.76,15990.66,5797.26
08/02/2024,15762.23,15813.27,15739.18,15793.71,5675.85
07/02/2024,15690.35,15770.68,15645.81,15756.64,4567.58
06/02/2024,15638.19,15652.75,15515.25,15609,4759.64
05/02/2024,15613.99,15637.88,15471.68,15597.68,4831.02
02/02/2024,15403.16,15664.21,15366.78,15628.95,4800.69
01/02/2024,15254.02,15372.13,15208.88,15361.64,5046.92
31/01/2024,15324.19,15405.56,15158.49,15164.01,5875.61
30/01/2024,15604.08,15619.23,15484.67,15509.9,4719.24
29/01/2024,15470.66,15630.58,15449.87,15628.04,4979.31
26/01/2024,15474.85,15538.84,15433.04,15455.36,4510.53
25/01/2024,15555.62,15597.25,15430.68,15510.5,5281.57
24/01/2024,15560.61,15629.07,15468.91,15481.92,4983.21
23/01/2024,15391.41,15432.35,15337.23,15425.94,5207.68
22/01/2024,15393.05,15438.85,15333.63,15360.29,5456.24
19/01/2024,15122.38,15310.97,15087.2,15310.97,5604.95
18/01/2024,14994.52,15066.81,14911.11,15055.65,5587.44
17/01/2024,14814.77,14865.76,14706.23,14855.62,5181.74
16/01/2024,14908.26,15004.35,14863.81,14944.35,6386.18
12/01/2024,15001.01,15047.25,14931.88,14972.76,4958.94
11/01/2024,15020.95,15063.61,14800.38,14970.19,5044.69
10/01/2024,14877.7,14998.2,14842.7,14969.65,4404.59
09/01/2024,14744.13,14894.32,14716.71,14857.71,5068.41
08/01/2024,14564.47,14846.9,14560.2,14843.77,6337.77
05/01/2024,14500.11,14625.19,14477.57,14524.07,5232.82
04/01/2024,14532.23,14632.77,14504.78,14510.3,5289.22
03/01/2024,14641.47,14694.58,14577.44,14592.21,5449.95
02/01/2024,14873.7,14887.8,14682.38,14765.94,5791.17
29/12/2023,15099.2,15111.41,14955.37,15011.35,5441.06
28/12/2023,15142.09,15150.07,15087.22,15095.14,5090.57
27/12/2023,15089.66,15114.08,15051.67,15099.18,7480.17
26/12/2023,15028.69,15101.18,15024.06,15074.57,6120.6
22/12/2023,15006.18,15047.19,14927.12,14992.97,4796.6
21/12/2023,14923.14,14970.81,14837.47,14963.87,5465.64
20/12/2023,14973.36,15069.29,14776.29,14777.94,6294.7
19/12/2023,14923.02,15003.8,14921.6,15003.22,5757.18
18/12/2023,14814.02,14938.04,14811.82,14904.81,5866.08
15/12/2023,14797.46,14848.4,14753.16,14813.92,8377.63
14/12/2023,14798.72,14855.62,14642.23,14761.56,8033.17
13/12/2023,14555.68,14743.55,14517.52,14733.96,6732.04
12/12/2023,14423.01,14533.4,14385.39,14533.4,4950.1
11/12/2023,14340.13,14436.08,14324.57,14432.49,5607.82
08/12/2023,14279.46,14416.92,14264.96,14403.97,5430.84
07/12/2023,14230.43,14353.11,14220.87,14339.99,5694.31
06/12/2023,14325.62,14327.63,14138.51,14146.71,5167.03
05/12/2023,14126.4,14285.66,14121.76,14229.91,6179.12
04/12/2023,14168.66,14197.52,14058.52,14185.49,6270.02
01/12/2023,14181.35,14311.95,14135,14305.03,5607
30/11/2023,14265.05,14289.2,14127.05,14226.22,5678.07
29/11/2023,14367.11,14423.22,14247.89,14258.49,4890.22
28/11/2023,14224.63,14303.66,14195.72,14281.76,4474.4
27/11/2023,14239.31,14305.71,14205.24,14241.02,4205.88
24/11/2023,14238.04,14270.28,14214.13,14250.85,2541.84
22/11/2023,14283.82,14359.61,14226.63,14265.86,3855.24
21/11/2023,14217.23,14237.5,14146.31,14199.98,4128.6
20/11/2023,14134.75,14309.8,14134.2,14284.53,4561.81
17/11/2023,14101.44,14154.32,14063.93,14125.48,4408.64
16/11/2023,14066.88,14130.45,14033.79,14113.67,4545.18
15/11/2023,14147.27,14194.36,14060.7,14103.84,5063.83
14/11/2023,14015.37,14124.06,14003.14,14094.38,5332.49
13/11/2023,13745.96,13805.11,13687.78,13767.74,4349.59
10/11/2023,13571.19,13802.53,13556.35,13798.11,4722.14
09/11/2023,13693.7,13697.82,13506.02,13521.45,5313.97
08/11/2023,13660.22,13684.87,13573.58,13650.41,4685.55
07/11/2023,13555.79,13675.46,13516.56,13639.86,4354.46
06/11/2023,13514.08,13551.62,13435.99,13518.78,4345.85
03/11/2023,13362.85,13520.28,13344.73,13478.28,4918.75
02/11/2023,13230.49,13302.18,13177.64,13294.19,4962.95
01/11/2023,12887.06,13072.42,12875.2,13061.47,4545.12
31/10/2023,12786.62,12859.4,12697.04,12851.24,4315.63
30/10/2023,12750.47,12842.96,12691.56,12789.48,4149.32
27/10/2023,12718.69,12772.43,12600.57,12643.01,4172.1
26/10/2023,12768.97,12818.14,12543.86,12595.61,4894.9
25/10/2023,13039.86,13042.52,12804.3,12821.22,4599.85
24/10/2023,13084.99,13170.39,13022.85,13139.87,4604.72
23/10/2023,12930.85,13143.22,12848.83,13018.33,4669.06
20/10/2023,13157.77,13177.35,12977.43,12983.81,4622.84
19/10/2023,13354.8,13404.73,13157.33,13186.18,5014.79
18/10/2023,13439.68,13499.74,13275.3,13314.3,4617.14
17/10/2023,13419.87,13602.25,13364.74,13533.75,4417.64
16/10/2023,13453.81,13598.05,13447.17,13567.98,4308.69
13/10/2023,13613.59,13619.54,13361.85,13407.23,4251.55
12/10/2023,13672.47,13714.14,13491.56,13574.22,4858.62
11/10/2023,13619.21,13671.11,13549.29,13659.68,4160.44
10/10/2023,13505.81,13659.63,13491.81,13562.84,4301.35
09/10/2023,13326.22,13509.3,13277.48,13484.24,3835.93
06/10/2023,13127.68,13472.27,13099.03,13431.34,4309.42
05/10/2023,13228.12,13251.18,13087.57,13219.83,4167.47
04/10/2023,13092.92,13258.76,13072.51,13236.01,4308.07
03/10/2023,13229.68,13280.04,13008.6,13059.47,4684.31
02/10/2023,13217.98,13364.03,13204.08,13307.77,4554.7
29/09/2023,13337.71,13382.98,13177.09,13219.32,5138.5
28/09/2023,13043.37,13270.97,13025.11,13201.28,4648.39
27/09/2023,13115.36,13156.37,12963.16,13092.85,4841.41
26/09/2023,13180.96,13199.13,13033.4,13063.61,4693.54
25/09/2023,13172.54,13277.83,13132,13271.32,4100.29
22/09/2023,13287.17,13353.22,13200.64,13211.81,4302.7
21/09/2023,13328.06,13362.23,13222.56,13223.98,5014.89
20/09/2023,13710.26,13727.81,13467.28,13469.13,4782.44
19/09/2023,13649.44,13705.15,13578.87,13678.19,4453.46
18/09/2023,13669.96,13751.28,13663.46,13710.24,4855.88
15/09/2023,13889.2,13895.75,13684.24,13708.33,8162.21
14/09/2023,13889.76,13957.57,13810.66,13926.05,4649.01
13/09/2023,13773.67,13868.57,13733.82,13813.59,4840.31
12/09/2023,13858.94,13913.6,13763.69,13773.61,4595.49
11/09/2023,13884.03,13937.47,13805.13,13917.89,4538.87
08/09/2023,13754.71,13843.37,13733.18,13761.53,4160.36
07/09/2023,13675.11,13774.63,13642.47,13748.83,4320.83
06/09/2023,13988.81,14001.95,13802.42,13872.47,4215.32
05/09/2023,13994.54,14060.85,13945.65,14020.95,4379.79
01/09/2023,14129.96,14149.62,13982.42,14031.81,4033.96
31/08/2023,14041.54,14114.67,14010.48,14034.97,4568.61
30/08/2023,13961.77,14050.82,13924.2,14019.31,4364.6
29/08/2023,13687.23,13959.81,13677.06,13943.76,4748.18
28/08/2023,13695.36,13735.98,13626.64,13705.13,3666.68
25/08/2023,13514.37,13633.42,13376.35,13590.65,3970.06
24/08/2023,13834.31,13834.69,13462.84,13463.97,4383.82
23/08/2023,13532.43,13757,13532.43,13721.03,4127.85
22/08/2023,13593.95,13598.77,13484.38,13505.87,4282.43
21/08/2023,13347.26,13516.86,13325.59,13497.59,4363.07
18/08/2023,13190.02,13335.87,13161.76,13290.78,4801.91
17/08/2023,13527.3,13535.09,13303.45,13316.93,5280.18
16/08/2023,13593.17,13644.32,13473.03,13474.63,6243.76
15/08/2023,13760.48,13774.98,13611.94,13631.05,4473.32
14/08/2023,13599,13789.16,13582.49,13788.33,4272.02
11/08/2023,13633.65,13720.33,13609.98,13644.85,4638.88
10/08/2023,13818.25,13947.16,13686.51,13737.99,5299.08
09/08/2023,13897.61,13898.54,13698.39,13722.02,5591.36
08/08/2023,13875.45,13899.74,13769.34,13884.32,5284.55
07/08/2023,13972.45,13997.15,13864.92,13994.4,4892.33
04/08/2023,14025.96,14119.22,13897.93,13909.24,5349.45
03/08/2023,13899.76,14032.28,13881.35,13959.72,6036.97
02/08/2023,14132.73,14133.85,13914.81,13973.45,5481.96
01/08/2023,14274.93,14309.21,14215.64,14283.91,4633.77
31/07/2023,14337.9,14370.91,14292.75,14346.02,4934.44
28/07/2023,14199.83,14344.35,14188.1,14316.66,4453.52
27/07/2023,14319.16,14360.2,14006.93,14050.11,5115.84
26/07/2023,14123.52,14187.35,14041.95,14127.28,4322
25/07/2023,14093.24,14201.91,14092.52,14144.56,3812.47
24/07/2023,14081.63,14110.15,13997.13,14058.87,4083.07
21/07/2023,14148.18,14179.01,14020.45,14032.81,5254.18
20/07/2023,14273.29,14309.92,14030.62,14063.31,5128.02
19/07/2023,14398.53,14446.55,14317.09,14358.02,5112.42
18/07/2023,14212.25,14396.69,14176.11,14353.64,4824.07
17/07/2023,14149.92,14274.41,14138.01,14244.95,4593.16
14/07/2023,14166.66,14232.11,14081.96,14113.7,5366.89
13/07/2023,14021.15,14163.8,14012.24,14138.57,5183.56
12/07/2023,13915.64,13963.45,13842.13,13918.96,5230.62
11/07/2023,13709.81,13774.83,13643.32,13760.7,4840.95
10/07/2023,13645.37,13692.41,13584.87,13685.48,5275.39
07/07/2023,13668.07,13804.51,13656.73,13660.72,5098.12
06/07/2023,13653.17,13689.52,13567.25,13679.04,6113.08
05/07/2023,13772.1,13844.5,13764.25,13791.65,5339.34
03/07/2023,13798.7,13839.09,13773.41,13816.77,2902.3
30/06/2023,13719.98,13816.68,13716.16,13787.92,4661.12
29/06/2023,13592.36,13618.53,13540.26,13591.33,4388.14
28/06/2023,13506.02,13654.14,13495.73,13591.75,4533.27
27/06/2023,13389.25,13578.8,13366.97,13555.67,5053.66
26/06/2023,13468.74,13573.57,13334.42,13335.78,4430.6
23/06/2023,13484.1,13572.19,13442.65,13492.52,7734.5
22/06/2023,13443.41,13631.85,13441.56,13630.61,4499.55
21/06/2023,13620.87,13638.57,13460.94,13502.2,5194.64
20/06/2023,13642.29,13711.18,13561.84,13667.29,5237.71
16/06/2023,13859.07,13864.06,13680.95,13689.57,8076.53
15/06/2023,13572.88,13828.17,13561.37,13782.82,5667.52
14/06/2023,13570.56,13661.74,13455.99,13626.48,5772.55
13/06/2023,13566.53,13594.4,13473.19,13573.32,5522.1
12/06/2023,13326.37,13465.91,13302.58,13461.92,4722.68
09/06/2023,13312.39,13385.95,13229.33,13259.14,4412.71
08/06/2023,13113.27,13248.6,13101.18,13238.52,4280.16
07/06/2023,13295.26,13361.9,13089.48,13104.9,5270.6
06/06/2023,13199.59,13306.21,13165.65,13276.42,4810.91
05/06/2023,13238.48,13330.65,13194.95,13229.43,4344.28
02/06/2023,13190.48,13256.21,13125.86,13240.77,4426.76
01/06/2023,12944.46,13141.83,12903.63,13100.98,4610.31
31/05/2023,12968.38,13029.08,12889.37,12935.29,5905.76
30/05/2023,13109.1,13154.29,12968.12,13017.43,4843.47
26/05/2023,12736.42,13001.91,12729.74,12975.69,4434.07
25/05/2023,12706.44,12736.92,12604.89,12698.09,4651.64
24/05/2023,12481.89,12529.63,12415.85,12484.16,4088.27
23/05/2023,12652.88,12709.74,12554.43,12560.25,4347.44
22/05/2023,12664.44,12756.23,12655.26,12720.78,4278.92
19/05/2023,12709.46,12731.73,12624.06,12657.9,3935.78
18/05/2023,12513.87,12698.5,12512.26,12688.84,4532.89
17/05/2023,12388.58,12514.07,12335.02,12500.57,4501.82
16/05/2023,12327.05,12403.81,12324.52,12343.05,4067.51
15/05/2023,12301.17,12376.4,12263.35,12365.21,3979.29
12/05/2023,12350.52,12364.65,12209.58,12284.74,4170
11/05/2023,12321.26,12347.38,12255.44,12328.51,4489.49
10/05/2023,12286.66,12337.69,12180.86,12306.44,4948.26
09/05/2023,12195.78,12216.13,12174.06,12179.55,4126.78
08/05/2023,12231.68,12264.99,12178.26,12256.92,4216.36
05/05/2023,12073.03,12264.83,12065.72,12235.41,4574.79
04/05/2023,11997.34,12033.15,11925.37,11966.4,4745.78
03/05/2023,12097.04,12212.55,12022.46,12025.33,5782.16
02/05/2023,12198.02,12206.58,12015.23,12080.51,5501.41
01/05/2023,12210.05,12261.32,12181.08,12212.6,5168.43
28/04/2023,12117.54,12227.72,12082.57,12226.58,5331.38
27/04/2023,11972.15,12154.01,11950.92,12142.24,5253.71
26/04/2023,11913.23,11967.99,11833.07,11854.35,5281.97
25/04/2023,11968.81,11990.46,11798.77,11799.16,4806.02
24/04/2023,12053.47,12103.58,11960.3,12037.2,4854.05
21/04/2023,12046.03,12097.15,11986.82,12072.46,4868.05
20/04/2023,12039.08,12155.96,12011.95,12059.56,4590.53
19/04/2023,12063.68,12191.1,12060.17,12157.23,4972.7
18/04/2023,12234.56,12245.43,12110.23,12153.41,4851.81
17/04/2023,12108.23,12159.02,12064.1,12157.72,4823.18
14/04/2023,12117.91,12205.72,12026.55,12123.47,4655.74
13/04/2023,11997.42,12178.8,11995.94,12166.27,4942.99
12/04/2023,12110.87,12134.5,11916.54,11929.34,4909.77
11/04/2023,12080.24,12091.27,12011.4,12031.88,4676.96
10/04/2023,11975.13,12084.95,11924.2,12084.36,4334.07
06/04/2023,11939.08,12098.5,11898.36,12087.96,3862.8
05/04/2023,12081.76,12086.75,11931.85,11996.86,4378.59
04/04/2023,12208.49,12224.68,12081.81,12126.33,4298.76
03/04/2023,12146.09,12196.34,12086.52,12189.45,4816.44
31/03/2023,12031.54,12227.93,12030.44,12221.91,5521.15
30/03/2023,12010.45,12044.79,11953.37,12013.47,4738.88
29/03/2023,11855.59,11941.6,11823.35,11926.24,4493.54
28/03/2023,11752.76,11752.76,11635.03,11716.08,4036.91
27/03/2023,11868.54,11903.21,11739.05,11768.84,4330.32
24/03/2023,11747.62,11826.23,11670.67,11823.96,4363.65
23/03/2023,11811.32,11962.69,11684.52,11787.4,4917.46
22/03/2023,11857.5,12013.99,11666.85,11669.96,4981.59
21/03/2023,11764.79,11879.16,11724.91,11860.11,4829.87
20/03/2023,11614.39,11695.55,11550.69,11675.54,4970.63
17/03/2023,11696.34,11773.11,11562.63,11630.51,7903.09
16/03/2023,11384.87,11733.8,11365.49,11717.28,5498.92
15/03/2023,11291.17,11447.9,11238.44,11434.05,5912.43
14/03/2023,11357.73,11467.02,11284.93,11428.15,5533.12
13/03/2023,11041.46,11326.73,10982.8,11188.84,6201.49
10/03/2023,11325.36,11373.81,11093.86,11138.89,6193.5
09/03/2023,11578.31,11667.12,11319.98,11338.35,5061.79
08/03/2023,11553.09,11601.23,11487.75,11576,5085.97
07/03/2023,11670.98,11705.96,11512.03,11530.33,5422.82
06/03/2023,11736.87,11827.92,11667.48,11675.74,4982.88
03/03/2023,11524.65,11699.63,11514.74,11689.01,5102.21
02/03/2023,11273.77,11487.59,11273.61,11462.98,5313.76
01/03/2023,11447.58,11479,11349.87,11379.48,4927.53
28/02/2023,11451.05,11548.23,11435.39,11455.54,5340.95
27/02/2023,11517.19,11565.23,11444.6,11466.98,4494
24/02/2023,11404.18,11434.36,11334.47,11394.94,4432.65
23/02/2023,11636.93,11638.98,11432.58,11590.4,4714.58
22/02/2023,11517.2,11582.52,11445.17,11507.07,4671.27
21/02/2023,11640.37,11684.14,11491.18,11492.3,5002.54
17/02/2023,11777.5,11803.22,11673.21,11787.27,4925.23
16/02/2023,11896.31,12040.34,11853.36,11855.83,5159.41
15/02/2023,11905.12,12071.29,11876.82,12070.59,5056.64
14/02/2023,11808.2,11999.85,11760.56,11960.15,5032.43
13/02/2023,11759.09,11910.92,11719.73,11891.79,4752.88
10/02/2023,11714.6,11775.8,11630.54,11718.12,4885.03
09/02/2023,12069.1,12070.96,11745.11,11789.58,5536.29
08/02/2023,12069.12,12096.39,11890.09,11910.52,5052.87
07/02/2023,11891.25,12150.22,11836.78,12113.79,5720.24
06/02/2023,11904.41,11973.41,11843.49,11887.45,5538.35
03/02/2023,11946.86,12231.31,11946.86,12006.95,5954.49
02/02/2023,12065.15,12269.55,12024.14,12200.82,7038.21
01/02/2023,11573.14,11904.02,11500.33,11816.32,6336.04
31/01/2023,11398.58,11586.01,11398.37,11584.55,5695.15
30/01/2023,11512.34,11553.31,11388.54,11393.81,5122.32
27/01/2023,11470.47,11691.89,11470.27,11621.71,6243.8
26/01/2023,11458.4,11516.05,11341.19,11512.41,5732.89
25/01/2023,11146.53,11334.22,11069.18,11313.36,5485.57
24/01/2023,11302.93,11378.15,11282.65,11334.27,5670.86
23/01/2023,11171.94,11405.5,11144.03,11364.41,5997.81
20/01/2023,10924.66,11143.17,10885.65,11140.43,5980.11
19/01/2023,10890.4,10932.52,10804.57,10852.27,4660.8
18/01/2023,11170.95,11223.41,10952.05,10957.01,5288.63
17/01/2023,11070,11145.44,11024.72,11095.11,5138.41
13/01/2023,10906.37,11084.01,10900.16,11079.16,5077.99
12/01/2023,10969.26,11027.75,10797.12,11001.1,5681.24
11/01/2023,10794.99,10932.44,10762.73,10931.67,5284.39
10/01/2023,10607.72,10743.67,10589.59,10742.63,4710.68
09/01/2023,10662.1,10807.26,10619.12,10635.65,5132.19
06/01/2023,10363.96,10604.14,10265.04,10569.29,5199.78
05/01/2023,10390.31,10393.22,10295.25,10305.24,4764.27
04/01/2023,10467.82,10515.22,10337.64,10458.76,5085.38
03/01/2023,10562.06,10613.06,10309.16,10386.98,4780.65
30/12/2022,10368.37,10468.31,10324.7,10466.48,3959.03
29/12/2022,10321.46,10502.08,10301.06,10478.09,4154.1
28/12/2022,10339.2,10414.82,10207.47,10213.29,3842.97
27/12/2022,10462.19,10472.32,10340.73,10353.23,3827.29
23/12/2022,10437.75,10514.76,10361.82,10497.86,3544.68
22/12/2022,10586.46,10599.34,10313.32,10476.12,5125.07
21/12/2022,10592,10753.57,10569.2,10709.37,4401.42
20/12/2022,10490.89,10609.46,10446.82,10547.11,4707.19
19/12/2022,10707.44,10713.97,10497.55,10546.03,4631.82
16/12/2022,10767.63,10833.24,10642.1,10705.41,7968.17
15/12/2022,11012.62,11029.57,10775.61,10810.53,5536.07
14/12/2022,11248.09,11352.09,11065.24,11170.89,5485.15
13/12/2022,11542.84,11571.64,11160.54,11256.81,6126.89
12/12/2022,11015.48,11144.67,10984.82,11143.74,4829.99
09/12/2022,11038.17,11138.7,10999.26,11004.62,4337.44
08/12/2022,11011.33,11119.16,10939.47,11082,4281.8
07/12/2022,10963.95,11039.81,10910.62,10958.55,4343.86
06/12/2022,11228.42,11241.42,10956.2,11014.89,4713.33
05/12/2022,11380.99,11425.51,11193.02,11239.94,4510.03
02/12/2022,11308.38,11492.32,11296.72,11461.5,4523.01
01/12/2022,11475.17,11546.77,11378.75,11482.45,5158.12
30/11/2022,10995.2,11468.47,10966.53,11468,6653.46
29/11/2022,11060.02,11086.02,10944.37,10983.78,4592.83
28/11/2022,11147.57,11217.75,11020.69,11049.5,4271.36
25/11/2022,11231,11261.57,11206.38,11226.36,2184.08
23/11/2022,11174.61,11310.82,11174.61,11285.32,4431.53
22/11/2022,11058.56,11179.87,10975.66,11174.41,4186.36
21/11/2022,11091.01,11128.78,10999.75,11024.51,3977.13
18/11/2022,11257.01,11259.44,11059.16,11146.06,4175.42
17/11/2022,11008.67,11198.84,11006.21,11144.96,4354.36
16/11/2022,11260.1,11286.1,11162.92,11183.66,4585.19
15/11/2022,11474.82,11492.62,11241.15,11358.41,5617.31
14/11/2022,11233.9,11350.12,11167.17,11196.22,5004.06
11/11/2022,11124.75,11352.43,11069.83,11323.33,5867.75
10/11/2022,10869.17,11119.12,10779.95,11114.15,6433
09/11/2022,10528.45,10564.97,10344.01,10353.17,4977.46
08/11/2022,10611.53,10745.64,10472.73,10616.2,5134.5
07/11/2022,10516.94,10587.96,10428.91,10564.52,4456.69
04/11/2022,10548.14,10553.63,10262.93,10475.25,5453.75
03/11/2022,10399.45,10486.01,10319.54,10342.94,5102.19
02/11/2022,10885.01,10993.24,10522.9,10524.8,5436.42
01/11/2022,11154.74,11156.35,10881.19,10890.85,4677.52
31/10/2022,11028.43,11047.94,10914.01,10988.15,4753.74
28/10/2022,10766.2,11117.04,10766.2,11102.45,4731.94
27/10/2022,10971.95,10998.73,10780.5,10792.67,4773.52
26/10/2022,10969.02,11205.84,10948.38,10970.99,5224.44
25/10/2022,10996.97,11210.38,10996.97,11199.12,5141.76
24/10/2022,10867.07,10983.52,10713.33,10952.61,4808.71
21/10/2022,10576.04,10875.72,10542.43,10859.72,4706.44
20/10/2022,10657.41,10837.3,10574.55,10614.84,4628.01
19/10/2022,10689.31,10808.04,10592.88,10680.51,4955.09
18/10/2022,10963.99,10972.97,10670.12,10772.4,5047.36
17/10/2022,10575.65,10696.59,10569.69,10675.8,4439.19
14/10/2022,10742.81,10766.69,10308.81,10321.39,4393
13/10/2022,10131.82,10697.71,10088.83,10649.15,5300.08
12/10/2022,10437,10494.53,10372.21,10417.1,4091.03
11/10/2022,10484.37,10608.84,10351.98,10426.19,4738.84
10/10/2022,10659.95,10669.93,10449.04,10542.1,3989.64
07/10/2022,10877.28,10891.93,10608.52,10652.4,4634.19
06/10/2022,11129.04,11230.44,11051.27,11073.31,4423.32
05/10/2022,11022.67,11210.32,10910.76,11148.64,4091.86
04/10/2022,11054.72,11189.96,11044.04,11176.41,5004.78
03/10/2022,10659.01,10875.46,10577.89,10815.43,4415.44
30/09/2022,10697.71,10883.04,10572.33,10575.62,4649.71
29/09/2022,10894.44,10899.47,10623.22,10737.51,4516.63
28/09/2022,10817.52,11101.5,10776.34,11051.64,4556.1
27/09/2022,10955.29,11040.98,10741.02,10829.5,4445.05
26/09/2022,10833.38,11024,10789.05,10802.92,4697.73
23/09/2022,10952.69,10958.29,10732.72,10867.93,5134.35
22/09/2022,11167.38,11203.77,11024.64,11066.81,4916.47
21/09/2022,11466.21,11613.57,11218.99,11220.19,4471
20/09/2022,11440.14,11520.99,11343.72,11425.05,4028.1
19/09/2022,11338.57,11538.13,11337.83,11535.02,4168.67
16/09/2022,11401.21,11460.43,11316.92,11448.4,7451.84
15/09/2022,11633.24,11760.73,11497.11,11552.36,4805.91
14/09/2022,11680.41,11746.83,11602.76,11719.68,4861.53
13/09/2022,11908.81,11957.97,11604.43,11633.57,5188.38
12/09/2022,12174.94,12270.19,12169.28,12266.41,4146.68
09/09/2022,11958.61,12132.67,11958.61,12112.31,4401.59
08/09/2022,11679.86,11896.73,11660.53,11862.13,4329.91
07/09/2022,11559.38,11819.07,11555.08,11791.9,4445.64
06/09/2022,11643.03,11679.43,11471.5,11544.91,4622.94
02/09/2022,11899.14,11945.91,11573.51,11630.86,4257.41
01/09/2022,11707.44,11798.37,11546.52,11785.13,4792.89
31/08/2022,11972.56,12027.43,11814.17,11816.2,4952.01
30/08/2022,12093.06,12101.85,11790.02,11883.14,4681.52
29/08/2022,12021.05,12124.87,11981.42,12017.67,4209.85
26/08/2022,12630.58,12655.84,12141.52,12141.71,4530
25/08/2022,12506.37,12641.26,12471.98,12639.27,4323.47
24/08/2022,12375.15,12504.33,12350.16,12431.53,3917.17
23/08/2022,12380.37,12490.85,12352.03,12381.3,3836.18
22/08/2022,12523.16,12538.55,12353.73,12381.57,4270.98
19/08/2022,12832.27,12859.01,12674.87,12705.22,4628.17
18/08/2022,12937.79,13002.66,12873.49,12965.34,4724.35
17/08/2022,12968.63,13053.51,12863.01,12938.12,5229.52
16/08/2022,13082.64,13181.09,12979.24,13102.55,5028.41
15/08/2022,12996.63,13146.06,12993.78,13128.05,4476.04
12/08/2022,12866.31,13047.19,12821.22,13047.19,4782.61
11/08/2022,12944.82,13026.24,12760.09,12779.91,5815.96
10/08/2022,12793.44,12861.44,12698.61,12854.8,5196.21
09/08/2022,12557.49,12582.91,12438.86,12493.93,5307.34
08/08/2022,12703.72,12855.15,12597.75,12644.46,5238.6
05/08/2022,12538.8,12720.44,12525.77,12657.55,4911.3
04/08/2022,12675.04,12736.19,12600.78,12720.58,5451.47
03/08/2022,12433.87,12699.64,12425.21,12668.16,5667.99
02/08/2022,12287.67,12503.34,12260.48,12348.76,4792.14
01/08/2022,12317.96,12499.72,12271.98,12368.98,4396.39
29/07/2022,12239.69,12426.26,12181.13,12390.69,4907.41
28/07/2022,12036.48,12179.09,11886.67,12162.59,4924.95
27/07/2022,11756.19,12081.73,11718.38,12032.42,4588.48
26/07/2022,11701.53,11711.31,11533.37,11562.57,4349.76
25/07/2022,11837.96,11855.11,11707.53,11782.67,4346.52
22/07/2022,12025.37,12093.02,11767.19,11834.11,4721.88
21/07/2022,11914.15,12060.59,11812.72,12059.61,4680.93
20/07/2022,11726.09,11939.96,11703.36,11897.65,5467.08
19/07/2022,11515,11721.22,11448.97,11713.15,5302.74
18/07/2022,11561.64,11629.03,11322.84,11360.05,5057.92
15/07/2022,11379.36,11454.69,11295.33,11452.42,4369.06
14/07/2022,11151.21,11279.97,11005.93,11251.19,4481.07
13/07/2022,11056.55,11325.67,11031.27,11247.58,4433.06
12/07/2022,11420.89,11483.17,11207.08,11264.73,4317.86
11/07/2022,11524.49,11541.1,11348.06,11372.6,4362.91
08/07/2022,11503.61,11689.7,11479.77,11635.31,4526.57
07/07/2022,11422.6,11644.47,11412.88,11621.35,4685.05
06/07/2022,11337.9,11443.15,11250.32,11361.85,4851.17
05/07/2022,10964.18,11323.89,10911.45,11322.24,5053.57
01/07/2022,11006.83,11132.55,10922.71,11127.85,4865.73
30/06/2022,11048.25,11160.92,10850.01,11028.74,5654.52
29/06/2022,11160.22,11226.33,11072.19,11177.89,5650.86
28/06/2022,11542.24,11635.85,11177.68,11181.54,5433.22
27/06/2022,11661.02,11677.49,11487.07,11524.55,5047.86
24/06/2022,11351.31,11613.23,11337.78,11607.62,9468.13
23/06/2022,11137.68,11260.27,11046.28,11232.19,5258.2
22/06/2022,10941.95,11216.77,10938.06,11053.08,5238.18
21/06/2022,10974.05,11164.99,10974.05,11069.3,5226.26
17/06/2022,10697.55,10884.71,10638.72,10798.35,7452.83
16/06/2022,10806.02,10831.07,10565.14,10646.1,5696.63
15/06/2022,10968.4,11244.26,10866.39,11099.15,5368.5
14/06/2022,10897.43,10926.81,10733.04,10828.35,4819.89
13/06/2022,10986.85,11071.48,10775.14,10809.23,5937.32
10/06/2022,11543.88,11569.15,11328.27,11340.02,5152.02
09/06/2022,12016.47,12115.06,11751.98,11754.23,5408.46
08/06/2022,12147.28,12235.78,12052.7,12086.27,4708.98
07/06/2022,11925.81,12194.86,11888.61,12175.23,4411.24
06/06/2022,12200.33,12245.4,12004.2,12061.37,4647.01
03/06/2022,12097.12,12167.44,11966.62,12012.73,4130.04
02/06/2022,11945.57,12320.12,11901.45,12316.9,4445.84
01/06/2022,12176.89,12237.94,11901.43,11994.46,4719.9
31/05/2022,12137.54,12190.08,11942.5,12081.39,6045.5
27/05/2022,11869.69,12131.66,11856.82,12131.13,4793.9
26/05/2022,11409.84,11796.97,11406.16,11740.65,4672.62
25/05/2022,11225.03,11511.9,11211.85,11434.74,4519.69
24/05/2022,11326.44,11351.61,11092.48,11264.45,4724.43
23/05/2022,11396.28,11552.07,11304.56,11535.27,4552.2
20/05/2022,11542.67,11552.21,11035.69,11354.62,5434.37
19/05/2022,11364.4,11562.82,11313.31,11388.5,5154.41
18/05/2022,11790.68,11826.22,11381.69,11418.15,5064.12
17/05/2022,11905.57,11988.43,11754.28,11984.52,5093.96
16/05/2022,11727.14,11804.59,11627.53,11662.79,4930.25
13/05/2022,11555.97,11856.71,11510.26,11805,5894.02
12/05/2022,11199.25,11547.33,11108.76,11370.96,6679.47
11/05/2022,11645.57,11844.51,11339.18,11364.24,6152.37
10/05/2022,11900.34,11944.94,11566.28,11737.67,6218.26
09/05/2022,11923.03,11990.61,11574.94,11623.25,5939.14
06/05/2022,12246.83,12358.42,11990.15,12144.66,5324.48
05/05/2022,12787.52,12787.52,12183.56,12317.69,5308.92
04/05/2022,12574.73,12985.01,12367.02,12964.86,5498.05
03/05/2022,12511.46,12645.83,12460.99,12563.76,4547.28
02/05/2022,12331.69,12542.54,12202.41,12536.02,4918.24
29/04/2022,12710.42,12861.83,12315.74,12334.64,4733.07
28/04/2022,12712.86,12948.52,12487.86,12871.53,5067.15
27/04/2022,12500.88,12703.79,12430.9,12488.93,4810.72
26/04/2022,12918.04,12918.04,12490.74,12490.74,5168.16
25/04/2022,12749.17,13011.45,12722.59,13004.85,4845.16
22/04/2022,13168.8,13212.6,12828.02,12839.29,4475.09
21/04/2022,13623.7,13710.7,13140.83,13174.65,5233.11
20/04/2022,13665.38,13678.55,13426.13,13453.07,4678.93
19/04/2022,13312.44,13643.97,13281.22,13619.66,4562.84
18/04/2022,13319.39,13414.27,13222.03,13332.36,4365.23
14/04/2022,13647.43,13662.93,13345.22,13351.08,4642.24
13/04/2022,13373.12,13679.43,13353.66,13643.59,4909.72
12/04/2022,13584.69,13685.95,13317.74,13371.57,4991.72
11/04/2022,13547.29,13585.08,13401.39,13411.96,4946.68
08/04/2022,13830.47,13866.06,13693.69,13711,4574.08
07/04/2022,13861.49,13978.25,13689.23,13897.3,4856.09
06/04/2022,14002.58,14032.84,13788.9,13888.82,5360.42
05/04/2022,14490.26,14500.29,14169.12,14204.17,4727.71
04/04/2022,14304.35,14534.38,14286.45,14532.55,4630.1
01/04/2022,14269.53,14306.94,14131.81,14261.5,5002.79
31/03/2022,14444.78,14456.74,14217.72,14220.52,5453.89
30/03/2022,14558.59,14609.25,14383.45,14442.27,5479.2
29/03/2022,14500.39,14646.9,14419.4,14619.64,6060.89
28/03/2022,14177.21,14356,14101.34,14354.9,5129.5
25/03/2022,14194.72,14218.76,14010.79,14169.3,5585.1
24/03/2022,14001.32,14193.55,13897.2,14191.84,5149.52
23/03/2022,13990.35,14152.14,13921.65,13922.6,5024.23
22/03/2022,13866.43,14141.07,13857.29,14108.82,5445.1
21/03/2022,13860.39,13945.81,13682.55,13838.46,5673.94
18/03/2022,13564.63,13899.28,13528.06,13893.84,8149.29
17/03/2022,13360.72,13620.8,13317.14,13614.78,5612.09
16/03/2022,13119.37,13440.12,12992.2,13436.55,6552.21
15/03/2022,12685.23,12973.88,12616.59,12948.62,5440.1
14/03/2022,12795.12,12918.01,12555.35,12581.22,5876.71
11/03/2022,13229.77,13239.35,12830.37,12843.81,5288.21
10/03/2022,13098.35,13163.5,12946.28,13129.96,5071.25
09/03/2022,13113.7,13301.16,13039.79,13255.55,5396.55
08/03/2022,12800.04,13159.44,12670.08,12795.55,6683.96
07/03/2022,13328.36,13353.28,12828.02,12830.96,6195.37
04/03/2022,13455.23,13486.71,13224.98,13313.44,5343.9
03/03/2022,13837.59,13837.59,13472.64,13537.94,5092.58
02/03/2022,13597.53,13796.55,13493.91,13752.02,5246.39
01/03/2022,13716.7,13777.04,13441.32,13532.46,6131.35
28/02/2022,13570.83,13810.64,13549.9,13751.4,5928.13
25/02/2022,13485.26,13696.86,13358.29,13694.62,4628.72
24/02/2022,12587.88,13486.11,12587.88,13473.59,6180.2
23/02/2022,13511.75,13533.78,13032.17,13037.49,4639.33
22/02/2022,13424.36,13618.72,13249.65,13381.52,4849.17
18/02/2022,13735.4,13762.4,13465.56,13548.07,4501.94
17/02/2022,14004.19,14020.82,13704.7,13716.72,4278.37
16/02/2022,14038.92,14163.73,13931.99,14124.09,4238.56
15/02/2022,13997.18,14142.49,13976.29,14139.76,4416.84
14/02/2022,13768.97,13921.71,13664.76,13790.92,4347.35
11/02/2022,14213.62,14246.7,13733.16,13791.15,5237.32
10/02/2022,14228.68,14509.56,14118.2,14185.64,5212.51
09/02/2022,14368.16,14490.72,14330.87,14490.37,4729.73
08/02/2022,13984.43,14226.48,13934.78,14194.45,4293.77
07/02/2022,14118.79,14236.31,13974.1,14015.67,4268.73
04/02/2022,13958.48,14222.76,13850.39,14098.01,4121.34
03/02/2022,14045.83,14207.89,13851.74,13878.82,4326.3
02/02/2022,14494.47,14504.82,14264.65,14417.55,4673.14
01/02/2022,14277.43,14358.69,14070.77,14346,4671.85
31/01/2022,13812.19,14242.9,13767.71,14239.88,5124.94
28/01/2022,13436.71,13771.91,13236.56,13770.57,4971.93
27/01/2022,13710.99,13765.91,13322.66,13352.78,5177.38
26/01/2022,13871.77,14002.65,13392.19,13542.12,5771.14
25/01/2022,13610.87,13781.62,13414.14,13539.29,5019.38
24/01/2022,13481.5,13876.61,13094.65,13855.13,6998.77
21/01/2022,14046.22,14171.72,13764.24,13768.92,5870.83
20/01/2022,14462.85,14642.03,14140.78,14154.02,5102.05
19/01/2022,14582.22,14658.89,14331.65,14340.26,4665.34
18/01/2022,14681.83,14740.54,14482.94,14506.9,5060.79
14/01/2022,14708.02,14897.68,14689.43,14893.75,4374.02
13/01/2022,15245.04,15259.71,14782.24,14806.81,4302.02
12/01/2022,15263.1,15319.03,15117.29,15188.39,4338.53
11/01/2022,14919.26,15158.71,14837.63,15153.45,4390.71
10/01/2022,14751.78,14953.85,14530.23,14942.83,5317.18
07/01/2022,15095.72,15171.02,14877.63,14935.9,4238.07
06/01/2022,15024.15,15198.45,14914.87,15080.86,4790.82
05/01/2022,15547.16,15586.3,15095.18,15100.17,5031.85
04/01/2022,15852.14,15852.14,15512.41,15622.72,5131.11
03/01/2022,15732.5,15832.8,15644.09,15832.8,4429.96
31/12/2021,15722.91,15777.43,15643.94,15644.97,3392.58
30/12/2021,15758.98,15868.09,15729.16,15741.56,3750.92
29/12/2021,15794.92,15821.81,15679.85,15766.22,3714.38
28/12/2021,15895.2,15901.47,15757.07,15781.72,3648.5
27/12/2021,15696.83,15871.4,15696.83,15871.26,3743.92
23/12/2021,15544.79,15697.98,15528.91,15653.37,3935.01
22/12/2021,15319.16,15525.97,15303.06,15521.89,4107.9
21/12/2021,15140.43,15349.06,15015.03,15341.09,4581.72
20/12/2021,14933,15007.3,14860.04,14980.94,4602.64
17/12/2021,15036.77,15288.78,14960.37,15169.68,7668.77
16/12/2021,15629.08,15633.19,15119.49,15180.43,4906.48
15/12/2021,15230.71,15575.76,15055.23,15565.58,5343.92
14/12/2021,15215.96,15317.55,15097.35,15237.64,4865.99
13/12/2021,15621.27,15637.06,15408.25,15413.28,4573.92
10/12/2021,15629.59,15677.6,15477.85,15630.6,4426.21
09/12/2021,15720.54,15796.05,15511.12,15517.37,4515.6
08/12/2021,15690.65,15792.64,15618.88,15786.99,4615.39
07/12/2021,15510.91,15720.09,15507.66,15686.92,5116.49
06/12/2021,15117.63,15281.99,14931.61,15225.15,5115.23
03/12/2021,15428.71,15470.36,14931.06,15085.47,5900.29
02/12/2021,15181.82,15444.54,15150.12,15381.32,5418.34
01/12/2021,15752.27,15816.82,15243.93,15254.05,6320.26
30/11/2021,15716.5,15828.2,15451.39,15537.69,6631.47
29/11/2021,15719.42,15833.11,15644.61,15782.83,4836.23
26/11/2021,15664.38,15731.54,15456.09,15491.66,3502.17
24/11/2021,15677.88,15848.56,15591.36,15845.23,4197.09
23/11/2021,15809.5,15895.86,15601.46,15775.14,5434.38
22/11/2021,16120.92,16212.23,15851.04,15854.76,5567.83
19/11/2021,16042.16,16121.12,16017.23,16057.44,4875.31
18/11/2021,15973.39,16010.88,15848.83,15993.71,5391.36
17/11/2021,15973.62,15998.57,15909.39,15921.57,5049.32
16/11/2021,15840.32,15989.61,15825,15973.86,5533.02
15/11/2021,15894.82,15918.45,15778.31,15853.85,5020.18
12/11/2021,15752.62,15874.57,15705.38,15860.96,5446.54
11/11/2021,15752.08,15768.03,15695.77,15704.28,4570.46
10/11/2021,15753.84,15867.24,15543.68,15622.71,5369.11
09/11/2021,16024.13,16035.21,15836.68,15886.54,5574.66
08/11/2021,15995.72,16038.23,15961.81,15982.36,5723.65
05/11/2021,16003.56,16053.39,15900.78,15971.59,5566.4
04/11/2021,15849.74,15966.09,15827.66,15940.31,5297.25
03/11/2021,15658.52,15821.57,15616.44,15811.58,5325.11
02/11/2021,15583.98,15656.6,15569.27,15649.6,5129.37
01/11/2021,15541.26,15598.95,15470.82,15595.92,5273.95
29/10/2021,15323.29,15504.12,15323.29,15498.39,5338.29
28/10/2021,15304.74,15452.3,15290.31,15448.12,5714.89
27/10/2021,15276,15364.54,15235.84,15235.84,6130.11
26/10/2021,15317.5,15384,15198.23,15235.71,7173.23
25/10/2021,15142.92,15259.63,15070.75,15226.71,5750.2
22/10/2021,15158.07,15193.01,15021.02,15090.2,5775.77
21/10/2021,15104.8,15222.25,15094.14,15215.7,4961.86
20/10/2021,15160,15178.39,15071.15,15121.68,4117.05
19/10/2021,15073.13,15137.85,15049.73,15129.09,4483.4
18/10/2021,14839.74,15026.68,14833.28,15021.81,4167.74
15/10/2021,14891.24,14904.98,14847.96,14897.34,4494.44
14/10/2021,14717.5,14827.56,14699.52,14823.43,4262.4
13/10/2021,14537.17,14589.28,14471.88,14571.64,4053.58
12/10/2021,14539.09,14552.71,14441.6,14465.92,4063.83
11/10/2021,14540.08,14665.99,14482.62,14486.2,3539.54
08/10/2021,14694.72,14699.91,14569.68,14579.54,3571.38
07/10/2021,14631.8,14755.72,14615.14,14654.02,3984.18
06/10/2021,14289.45,14509.55,14259.07,14501.91,4465.91
05/10/2021,14312.86,14508.65,14299.78,14433.83,4176.39
04/10/2021,14493.12,14499.74,14181.69,14255.48,4557.11
01/10/2021,14494.93,14606.82,14324.01,14566.7,4710.72
30/09/2021,14582.6,14632.36,14444.3,14448.58,5950.95
29/09/2021,14614.88,14676.62,14493.67,14512.44,5294.6
28/09/2021,14787.21,14817.74,14539.88,14546.68,4989.51
27/09/2021,14954.18,15003.16,14864.96,14969.97,4650.79
24/09/2021,14961.61,15067.56,14946.57,15047.7,3992.15
23/09/2021,14960,15085.44,14932.51,15052.24,4196.13
22/09/2021,14800.59,14950.12,14767.01,14896.85,4252.49
21/09/2021,14803.36,14847.03,14696.47,14746.4,4083.01
20/09/2021,14758.14,14841.82,14530.07,14713.9,4879.49
17/09/2021,15163.36,15166.56,14998.73,15043.97,6709.54
16/09/2021,15120.09,15205.5,15047.14,15181.92,3701.5
15/09/2021,15071.34,15174.38,14984.68,15161.53,4465.14
14/09/2021,15168.45,15181.19,15008.3,15037.76,4593.14
13/09/2021,15211.43,15215.44,15030.85,15105.58,4723.37
10/09/2021,15332.92,15349.47,15111.31,15115.49,4587.15
09/09/2021,15296.06,15352.38,15245.17,15248.25,4031.14
08/09/2021,15360.35,15360.35,15206.61,15286.64,4131.56
07/09/2021,15375.98,15403.44,15343.28,15374.33,4014.25
03/09/2021,15313.41,15375.56,15283.67,15363.52,3706.99
02/09/2021,15358.47,15380.07,15285.35,15331.18,4050.51
01/09/2021,15308.98,15379.5,15302.11,15309.38,4271.69
31/08/2021,15262.88,15278.96,15202.67,15259.24,4188.02
30/08/2021,15165.94,15288.08,15165.12,15265.89,4061.76
27/08/2021,14969.77,15144.48,14966.52,15129.5,4048.61
26/08/2021,15025.17,15059.63,14939.56,14945.81,3630.9
25/08/2021,15039.03,15059.43,15011.58,15041.86,3654.15
24/08/2021,14978.14,15034.89,14965.54,15019.8,3809.75
23/08/2021,14776.98,14963.47,14776.98,14942.65,3906.78
20/08/2021,14571.53,14722.16,14571.53,14714.66,3886.34
19/08/2021,14423.16,14610.76,14423.16,14541.79,4191.49
18/08/2021,14636.24,14697.25,14516.3,14525.91,3841.84
17/08/2021,14670.56,14716.95,14550.88,14656.18,4168.88
16/08/2021,14771.53,14794.68,14610.02,14793.76,3973.92
13/08/2021,14825.07,14850.61,14797.22,14822.9,4061.07
12/08/2021,14751.36,14824.31,14698.94,14816.26,4049
11/08/2021,14834.38,14842.5,14692.41,14765.14,4002.34
10/08/2021,14887.75,14894.61,14754.48,14788.09,3991.77
09/08/2021,14855.76,14883.81,14802.69,14860.18,4111.64
06/08/2021,14864.22,14890.18,14788.59,14835.76,4173.09
05/08/2021,14794.08,14896.47,14776.03,14895.12,4107.3
04/08/2021,14747.21,14812.37,14734.12,14780.53,4337.33
03/08/2021,14713.99,14762.6,14584.09,14761.29,4141.37
02/08/2021,14758.6,14770.41,14665.67,14681.07,3746.13
30/07/2021,14615.85,14728.78,14615.85,14672.68,3645.05
29/07/2021,14771.17,14833.74,14761.38,14778.26,3928.64
28/07/2021,14715.66,14798.88,14645.63,14762.58,4268.21
27/07/2021,14807.95,14811.08,14503.76,14660.58,4329.23
26/07/2021,14821.03,14863.65,14790.49,14840.71,4437.09
23/07/2021,14753.06,14846.06,14698.77,14836.99,3997.25
22/07/2021,14652.72,14694.19,14617.87,14684.6,3597.54
21/07/2021,14508.75,14633.14,14498.65,14631.95,4098.52
20/07/2021,14330.46,14555.75,14271.23,14498.88,4652.45
19/07/2021,14235.98,14313.6,14178.66,14274.98,4537.13
16/07/2021,14597.51,14623.02,14413.32,14427.24,4069.53
15/07/2021,14635.78,14650.37,14451.8,14543.13,4512.55
14/07/2021,14780.9,14790.55,14632.95,14644.95,4496.22
13/07/2021,14715.13,14803.68,14660.19,14677.65,4583.46
12/07/2021,14743.86,14761.08,14672.63,14733.24,3897.09
09/07/2021,14578.43,14710.2,14552.26,14701.92,3826.5
08/07/2021,14409.2,14610.06,14371.59,14559.78,4575.01
07/07/2021,14753.41,14755.33,14580.79,14665.06,4605.63
06/07/2021,14661.55,14687,14529.8,14663.64,4489.54
02/07/2021,14582.98,14649.11,14555.34,14639.33,3751.42
01/07/2021,14493.69,14533.55,14439.4,14522.38,4410.47
30/06/2021,14509.85,14526.81,14478.06,14503.95,5293.81
29/06/2021,14509.19,14535.97,14471.38,14528.33,4901.3
28/06/2021,14417.81,14505.19,14417.2,14500.51,4283
25/06/2021,14400.81,14409.08,14337.65,14360.39,7468.09
24/06/2021,14357.27,14414.46,14333.7,14369.71,4324.62
23/06/2021,14263.38,14317.66,14246.3,14271.73,4417.47
22/06/2021,14138.29,14269.77,14121,14253.27,4433.14
21/06/2021,14047.42,14150.78,13960.04,14141.48,4562.01
18/06/2021,14096.93,14129.22,14009.04,14030.38,6126.07
17/06/2021,13999.13,14196.21,13998.93,14161.35,4558.28
16/06/2021,14085.55,14129.69,13903.73,14039.68,4683.03
15/06/2021,14166.64,14171.02,14052.16,14072.86,4554.58
14/06/2021,14083.47,14175.45,14056.67,14174.14,4415.16
11/06/2021,14030.85,14069.42,14006.59,14069.42,4157.58
10/06/2021,13933.88,14031.19,13904.4,14020.33,4919.88
09/06/2021,13980.23,14003.5,13906.45,13911.75,5640.49
08/06/2021,13946.32,13981.72,13831.98,13924.91,5958.41
07/06/2021,13802.82,13889.11,13784.89,13881.72,4639.21
04/06/2021,13697.25,13826.82,13692.01,13814.49,4360.71
03/06/2021,13655.75,13684.13,13548.93,13614.51,5396.25
02/06/2021,13743.24,13775.89,13689.74,13756.33,5097.63
01/06/2021,13829.06,13836.17,13678.77,13736.48,4186.28
28/05/2021,13792.05,13820.87,13747.61,13748.74,4447.94
27/05/2021,13742.59,13776.52,13701.63,13736.28,5087.18
26/05/2021,13693.94,13750.16,13679.59,13738,4264.5
25/05/2021,13721.54,13751.14,13631.8,13657.17,4128.99
24/05/2021,13557.21,13708.85,13551.01,13661.17,3509.47
21/05/2021,13616.19,13616.58,13463.26,13470.99,3733.94
20/05/2021,13356.63,13563.52,13355.71,13535.74,3990.76
19/05/2021,13078.19,13304.61,13072.23,13299.74,4333.52
18/05/2021,13416.9,13485.34,13299.93,13303.64,4301.3
17/05/2021,13368.8,13399.17,13265.4,13379.05,3997.78
14/05/2021,13255.65,13460.88,13242.97,13429.98,4022.61
13/05/2021,13150.94,13247.87,13007.24,13124.99,4698.11
12/05/2021,13215.49,13288.61,13002.54,13031.68,4752.93
11/05/2021,13115.85,13423.31,13107.67,13389.43,4738.39
10/05/2021,13687.59,13687.93,13401.74,13401.86,4818.67
07/05/2021,13723.09,13828.62,13690.75,13752.24,4391.1
06/05/2021,13557.83,13635.73,13439.39,13632.84,5021.4
05/05/2021,13731.13,13753.05,13553.93,13582.42,4535.69
04/05/2021,13774.51,13795.57,13485.59,13633.5,5879.73
03/05/2021,14031.77,14042.12,13881.51,13895.12,4761.43
30/04/2021,13970.73,14084.76,13941.63,13962.68,4792.46
29/04/2021,14204.51,14211.57,13952.8,14082.55,4928.03
28/04/2021,14082.78,14133.65,14034.7,14051.03,4559.71
27/04/2021,14170.91,14171.24,14064.28,14090.22,4691.46
26/04/2021,14052.38,14154.03,14019.5,14138.78,4506.21
23/04/2021,13861.37,14062.74,13856.83,14016.81,4355.1
22/04/2021,13952.57,14015.87,13771.04,13818.41,4420.82
21/04/2021,13745.77,13951.35,13706.86,13950.22,3999.62
20/04/2021,13894.46,13927.67,13698.67,13786.27,4245.12
19/04/2021,13984.58,14041.79,13842.57,13914.77,4379.61
16/04/2021,14059.11,14062.5,13977.05,14052.34,4427.78
15/04/2021,13983.23,14049.13,13970.42,14038.76,4406.88
14/04/2021,14004.08,14033.63,13839.04,13857.84,4120.77
13/04/2021,13902.45,14011.51,13902.45,13996.1,4219.36
12/04/2021,13854.44,13877,13783.95,13850,4250.9
09/04/2021,13787.02,13905.41,13748.35,13900.19,3926.11
08/04/2021,13796.89,13830.14,13758.71,13829.31,4153.6
07/04/2021,13675.3,13733.03,13653.59,13688.84,4098.74
06/04/2021,13681.67,13776.71,13674.28,13698.38,4073.71
05/04/2021,13594.9,13720.58,13582.76,13705.59,4459
01/04/2021,13414.32,13487.08,13404.18,13480.11,4576.48
31/03/2021,13122.57,13325.54,13118.38,13246.87,5004.72
30/03/2021,13008.8,13075.75,12922.57,13045.39,4721.95
29/03/2021,13103.97,13143.41,12968.16,13059.65,4965.09
26/03/2021,12996.03,13149.55,12878.72,13138.73,5224.36
25/03/2021,12844.58,13021.86,12786.81,12977.68,5634.29
24/03/2021,13289.24,13292.92,12961.35,12961.89,6248.65
23/03/2021,13381.43,13405.15,13202.43,13227.7,5675.01
22/03/2021,13278.78,13455.64,13278.78,13377.54,5321.76
19/03/2021,13119.9,13252.37,13039.45,13215.24,7630.59
18/03/2021,13349.2,13384.46,13101.92,13116.17,5739.72
17/03/2021,13336.91,13595,13272.69,13525.2,5536.11
16/03/2021,13523.17,13620.71,13397.08,13471.57,5493.89
15/03/2021,13323.47,13460.35,13272.5,13459.71,5972.37
12/03/2021,13222.81,13324.69,13158.72,13319.86,5497.21
11/03/2021,13273.31,13433.62,13246.33,13398.67,6008.85
10/03/2021,13234.73,13277.11,13035.44,13068.83,6023.88
09/03/2021,12923.07,13151.54,12882.49,13073.82,6345.56
08/03/2021,12904.26,13001,12599.23,12609.16,6010.23
05/03/2021,12860.04,12941.21,12397.05,12920.15,7725.2
04/03/2021,12953.99,13068.71,12553.96,12723.47,7864.38
03/03/2021,13336.25,13372.52,12995.07,12997.75,5529.98
02/03/2021,13599.45,13601.33,13352,13358.79,4948.14
01/03/2021,13406.16,13596.59,13362.66,13588.83,5079.53
26/02/2021,13232.9,13368.06,13024.53,13192.35,5906.11
25/02/2021,13512.64,13602.86,13066.38,13119.43,6390.38
24/02/2021,13400.25,13607.36,13286.59,13597.97,5886.23
23/02/2021,13262.61,13526.09,13003.98,13465.2,7516.51
22/02/2021,13714.2,13757.06,13530.96,13533.05,6483.74
19/02/2021,13929.2,13985.58,13842.6,13874.46,6737.82
18/02/2021,13814.67,13905.96,13714.35,13865.36,6499.42
17/02/2021,13911.65,13976.43,13804.26,13965.49,7280.5
16/02/2021,14152.21,14175.12,13995.45,14047.5,7722.1
12/02/2021,13979.21,14102.04,13937.71,14095.47,7416.94
11/02/2021,14045.21,14058.91,13916.85,14025.77,10916.78
10/02/2021,14093.35,14109.12,13845.47,13972.53,10785.93
09/02/2021,13966.82,14044.95,13966.55,14007.7,8766.77
08/02/2021,13937.06,13987.74,13894.15,13987.64,8564.53
05/02/2021,13824.88,13878.16,13761.66,13856.3,6792.91
04/02/2021,13674.06,13778.42,13631.62,13777.74,7295.37
03/02/2021,13718.31,13723.83,13585.34,13610.54,7546.94
02/02/2021,13543.1,13652.7,13535.86,13612.78,7325.27
01/02/2021,13226.18,13431.46,13132.47,13403.39,7092.52
29/01/2021,13284.72,13322,12985.05,13070.69,7872.25
28/01/2021,13323.29,13507.64,13316.52,13337.16,9959.27
27/01/2021,13486.58,13538.42,13192.91,13270.6,11621.19
26/01/2021,13681.72,13702.69,13603.19,13626.06,6849.6
25/01/2021,13681.21,13728.98,13368.68,13635.99,7193.71
22/01/2021,13474.81,13567.14,13463.66,13543.06,5972.75
21/01/2021,13521.48,13560.35,13454.07,13530.91,7258.64
20/01/2021,13342.55,13486.13,13329.77,13457.25,6820.99
19/01/2021,13132.73,13206.86,13078.7,13197.18,6297.86
15/01/2021,13099.9,13139.83,12949.76,12998.5,6458.36
14/01/2021,13174.75,13220.16,13098.41,13112.64,6734.1
13/01/2021,13088.01,13171.15,13051.06,13128.95,7104.81
12/01/2021,13062.06,13105.04,12963.92,13072.43,7264.07
11/01/2021,13048.78,13138.27,12999.51,13036.43,6960.47
08/01/2021,13160.22,13208.09,13036.55,13201.98,7289.39
07/01/2021,12867.34,13090.91,12867.34,13067.48,6841.48
06/01/2021,12666.15,12909.63,12649.99,12740.79,7689.88
05/01/2021,12665.65,12828.27,12665.65,12818.96,6971.86
04/01/2021,12958.52,12958.72,12543.24,12698.45,6636.17
31/12/2020,12877.09,12902.07,12821.23,12888.28,4815.84
30/12/2020,12906.51,12924.93,12857.76,12870,5343.01
29/12/2020,12965.39,12973.33,12821.96,12850.22,4726.92
28/12/2020,12914.64,12930.89,12827.45,12899.42,5109.14
24/12/2020,12791.54,12833.55,12767.64,12804.73,3305.96
23/12/2020,12834.94,12841.92,12758.67,12771.11,7100.25
22/12/2020,12785.22,12840.57,12695.31,12807.92,5811.85
21/12/2020,12596.14,12751.27,12525.22,12742.52,5192.86
18/12/2020,12804.93,12809.6,12654.6,12755.64,7125.8
17/12/2020,12730.78,12765.25,12696.35,12764.75,5029.83
16/12/2020,12611.04,12687.32,12566.38,12658.19,4592.7
15/12/2020,12543.26,12596.13,12465.42,12595.06,4423.65
14/12/2020,12447.44,12543,12432.71,12440.04,4491.93
11/12/2020,12336.79,12383.5,12246.77,12377.87,4292.68
10/12/2020,12247.55,12431.56,12214.74,12405.81,4518.58
09/12/2020,12591.69,12607.14,12290.78,12338.95,5168.45
08/12/2020,12503.17,12594.54,12453.21,12582.77,4809.48
07/12/2020,12461,12536.23,12460.55,12519.95,4771.82
04/12/2020,12399.32,12464.23,12376.44,12464.23,5086.9
03/12/2020,12369.26,12439.02,12356.99,12377.18,5209.98
02/12/2020,12285.75,12360.06,12217.35,12349.37,5194.96
01/12/2020,12313.36,12405.79,12263.93,12355.11,6512.42
30/11/2020,12224.25,12244.65,12027.16,12198.74,7760.39
27/11/2020,12159.18,12236.23,12154.57,12205.85,3401.83
25/11/2020,12053.89,12114.77,12020.95,12094.4,4448.64
24/11/2020,11939.33,12049.88,11863.45,12036.79,6339.58
23/11/2020,11916.76,11949.33,11796.53,11880.63,5473.25
20/11/2020,11892.7,11935.47,11852.51,11854.97,5350.97
19/11/2020,11779.04,11912.63,11760.98,11904.71,5385.19
18/11/2020,11896.06,11942.49,11799.96,11801.6,4731.42
17/11/2020,11913.35,11950.18,11852.41,11899.34,4145.03
16/11/2020,11847.11,11937.72,11814.89,11924.13,4172.57
13/11/2020,11794.94,11849.79,11715.52,11829.29,3654.23
12/11/2020,11802.5,11847.84,11666.37,11709.59,3886.67
,11656.65,11793.57,11638.9,11786.43,3854.68
,11622.44,11665.87,11424.61,11553.86,4736.56
,12046.66,12108.07,11703.49,11713.78,5863.9
,11869.9,11920.54,11737.13,11895.23,4183.22
,11816.33,11924.28,11784.15,11890.93,3848.16
,11443.77,11663.31,11394.21,11590.78,3620.76
,11038.66,11213.92,11004.84,11160.57,3216.58
,11010.45,11071.08,10830.95,10957.61,3209
,11103.47,11129.81,10822.57,10911.59,3671.6
,11064.47,11287.63,11030.19,11185.59,3244.19
,11230.9,11249.95,10999.07,11004.87,3930.69
,11409.34,11465.06,11361.86,11431.35,3104.77
,11440.64,11545.63,11221.06,11358.94,3205.1
,11536.01,11548.85,11434.86,11548.28,3145.57
,11526.97,11548.77,11369.29,11506.01,3434.04
,11530.39,11613.79,11476.08,11484.69,3467.31
,11531.83,11632.89,11471.23,11516.49,3510.04
,11732.34,11778.11,11454.57,11478.88,3477.41
,11761.83,11827.42,11648.53,11671.56,3166.98
,11559.88,11740.68,11559.1,11713.87,3325.27
,11889.07,11939.92,11714.35,11768.73,3410.41
,11901.76,11946.98,11821.83,11863.9,3634.13
,11732.33,11965.54,11704.13,11876.26,3885.03
,11487.6,11581.23,11476.66,11579.94,3504.23
,11443.35,11448.23,11384.33,11420.98,3507.57
,11271.68,11380.56,11258.35,11364.6,3910.77
,11314.53,11392.41,11124.45,11154.6,4390.96
,11169.11,11335.21,11162.52,11332.49,3623.92
,11082.53,11244.87,11033.69,11075.02,3731.51
,11291.99,11344.13,11240.53,11326.51,4005.9
,11092.9,11277.96,11092.9,11167.51,4260.63
,11109,11153.23,11065.63,11085.25,3389.04
,11084.38,11120.79,11019.14,11117.53,3591.74
,10680.46,10939.55,10639.98,10913.56,3785.27
,10551.02,10799.55,10520.22,10672.27,4086.36
,10950.82,10962.03,10612.91,10632.99,4097.32
,10873.3,10979.65,10737.52,10963.64,3515.44
,10610.14,10782.74,10519.49,10778.8,3900.97
,10973.45,10977.68,10639.95,10793.28,5759.09
,10796.05,10974.45,10783.81,10910.28,3740.11
,11222.08,11245.42,11046.43,11050.47,3678.02
,11193.96,11244.46,11127.98,11190.32,3786.11
,11010.14,11118.29,10982.26,11056.65,3737.61
,11010.07,11033.04,10728.03,10853.55,3630.25
,11235.53,11299.53,10875.02,10919.59,3840.01
,11064.76,11217.69,10970.45,11141.56,3550.66
,10900.7,11131.5,10837.2,10847.69,3905.42
,11396.24,11531.18,10875.87,11313.13,4284.44
,11861.9,11894.4,11361.36,11458.1,4465.01
,12047.26,12074.06,11836.18,12056.44,3982.36
,11850.96,11945.72,11794.78,11939.67,3511.06
,11718.81,11829.84,11697.42,11775.46,3612.05
,11689.28,11708.77,11634.77,11695.63,3012.98
,11688.19,11730.01,11551.01,11625.34,3547.4
,11516.62,11672.05,11507.46,11665.06,3471.52
,11370.23,11468.26,11343.04,11466.47,3475.28
,11449.25,11462.05,11297.53,11379.72,3907.31
,11258.44,11326.21,11245.44,11311.8,3929.29
,11096.4,11283.62,11090.03,11264.95,4215.13
,11214.8,11257.42,11132.1,11146.46,3496.48
,11170.75,11230.62,11103.83,11210.84,3228.59
,11083.25,11144.53,11080.3,11129.73,3214.87
,11042.24,11058.44,10972.06,11019.3,3514.26
,11026.86,11124.85,11007.5,11042.5,3480.47
,10878.12,11036.72,10877.16,11012.24,3745.23
,10942.66,10989.42,10762.71,10782.82,4331.77
,11033.73,11040.24,10849.46,10968.36,4048.42
,11072.53,11126.04,10920.37,11010.98,4263.93
,10989.98,11121.19,10963.41,11108.07,4120
,10967.87,11002.11,10943.72,10998.4,4160.74
,10897.89,10941.91,10852.9,10941.17,4016.52
,10848.64,10927.56,10831.15,10902.8,4203.89
,10741.47,10747.8,10557.7,10745.27,4438.73
,10450.12,10609.59,10412.09,10587.81,4185.81
,10474.7,10567.91,10464,10542.94,4009.64
,10509.2,10523.64,10397.87,10402.09,3894.66
,10421.7,10546.44,10399.86,10536.27,4244.57
,10294.41,10418.75,10217.31,10363.18,4233.39
,10689.5,10728.12,10407.87,10461.42,4501.54
,10687.58,10745.32,10627.45,10706.13,4128.96
,10837.88,10839.93,10650.46,10680.36,5350.75
,10526.02,10783.8,10488.04,10767.09,4314.63
,10500.52,10532.62,10421.21,10503.19,4361.48
,10443.87,10499.79,10364.39,10473.83,4277.76
,10576.72,10604.67,10420.54,10550.49,4647.07
,10310.25,10497.83,10182.46,10488.58,4461.77
,10729.92,10824.78,10368.04,10390.84,4851.88
,10545.91,10622.35,10447.01,10617.44,3537.51
,10563.72,10578.1,10379.91,10547.75,4013.18
,10409.35,10494.63,10350.96,10492.5,4030.21
,10412.46,10518.98,10337.98,10343.89,4337.13
,10360.38,10462.05,10354.98,10433.65,4570.26
,10268.67,10310.36,10194.06,10207.63,4038.92
,10063.67,10197.19,10048.04,10154.63,4624.43
,9875.29,10085.59,9863.67,10058.77,4510.19
,9771.72,9877.34,9663.61,9874.15,4336.29
,9995.12,10000.67,9749.07,9757.22,7309.38
,9899.36,10023.28,9810.47,10017,4779.64
,10092.92,10137.5,9842.22,9909.17,5589.13
,10130.83,10221.85,10112.44,10131.37,5755.17
,9945.49,10059.61,9916.6,10056.48,4506.96
,10042.13,10053.91,9872.94,9946.12,6093.83
,9892.48,9959.2,9885.66,9943.05,4335.32
,9943.31,9991.21,9891.81,9910.53,4279.7
,9949.78,9963.63,9748.38,9895.87,4669.32
,9426.9,9756.07,9403,9726.02,4476.01
,9715.87,9768.64,9413.62,9588.81,4388.99
,9791.24,9868.08,9491.31,9492.73,5300.85
,10012.32,10086.89,9962.58,10020.35,5170.86
,9867.19,10002.5,9863.27,9953.75,5319.45
,9823.44,9927.13,9780.61,9924.75,6197.33
,9703.54,9845.69,9685.35,9814.08,6607.73
,9649.65,9716.14,9560.41,9615.81,6141.32
,9651.86,9707.78,9627.17,9682.91,4679.03
,9566.53,9611.22,9472.08,9608.38,3990.08
,9471.42,9571.28,9462.32,9552.05,3847.77
,9382.35,9505.55,9324.73,9489.87,4742.29
,9392.99,9523.64,9345.28,9368.99,4113.66
,9346.12,9414.62,9144.28,9412.36,4489.11
,9501.21,9501.21,9333.16,9340.22,4448.95
,9278.55,9328.28,9239.41,9324.59,3668.07
,9375.19,9405.25,9254.85,9284.88,3745.27
,9305.62,9392.82,9304.2,9375.78,4315.5
,9227.46,9317.25,9183.25,9185.1,4193.55
,9177.15,9267.22,9154.35,9234.83,4341.82
,8839.99,9018.4,8821.38,9014.56,4240.69
,8788.04,8945.71,8705.25,8943.72,3965.97
,9006.05,9074.16,8752.68,8863.17,4273.21
,9225.15,9250.96,9000.07,9002.55,4336.51
,9054.91,9241.92,9053.17,9192.34,3925.45
,9056.89,9125.98,9018.21,9121.32,3813.63
,8973.78,9015.99,8932.86,8979.66,3787.22
,8874.7,8933.25,8819.37,8854.39,3656.75
,8809.66,8909.96,8781.31,8809.12,3933.55
,8555.32,8715.82,8537.83,8710.71,3443.14
,8681.29,8754.46,8566.84,8604.95,3741.3
,8911.02,8926.11,8825.83,8889.55,4335.66
,8802.7,8957.27,8765.01,8914.71,4407.14
,8825.69,8830.57,8600.7,8607.73,3730.35
,8717.98,8754.57,8697.37,8730.16,3694.98
,8530.08,8642.93,8464.42,8634.52,3696.02
,8528.84,8635.23,8475.2,8494.75,3759.89
,8434.55,8537.31,8404.54,8495.38,3041.52
,8460.69,8480.29,8215.69,8263.23,3788.18
,8553.38,8684.91,8553.38,8560.73,3827.37
,8667.48,8670.3,8531.69,8650.14,4348.31
,8479.11,8560.16,8393.27,8532.36,4057.8
,8355.96,8464.66,8308.79,8393.18,3347.92
,8353.21,8531.11,8338.08,8515.74,3767.41
,8127.69,8200.44,8035.95,8192.42,3184.66
,8169.01,8227.91,8072.32,8153.58,4145.46
,7975.72,8114.43,7901.94,8090.9,3487.44
,8129.99,8146.43,7881.22,7887.26,4085.96
,7660.17,7938.33,7617.79,7913.24,3849.13
,7477.27,7518.72,7288.11,7373.08,3294.26
,7317.45,7501.7,7307.95,7487.31,3622.17
,7459.5,7566.37,7301.98,7360.58,3700.04
,7740.06,7880.31,7642.86,7700.1,4078.96
,7583.46,7784.35,7539.97,7774.15,3870.77
,7554.25,7716.24,7491.14,7502.38,3989.12
,7462.21,7809.83,7462.21,7797.54,4014.67
,7421.36,7671.21,7276.4,7384.3,4683.63
,7196.15,7418.37,7169.86,7417.86,4441.08
,6847.28,6984.94,6631.42,6860.67,4348.41
,7248.07,7354.44,6854.67,6879.52,5260.3
,6996.45,7341.38,6858.38,7150.58,4778.49
,6902.32,7182.83,6686.36,6989.84,4935
,7072,7406.23,6828.91,7334.78,4920.21
,7392.73,7422.2,6882.86,6904.59,4618.12
,7610.39,7875.93,7219.09,7874.88,4701.07
,7398.58,7712.33,7194.67,7201.8,5099.35
,8136.25,8181.36,7850.95,7952.05,4302.61
,8219.76,8347.4,7930.43,8344.25,4447.26
,7957.93,8243.31,7943.16,7950.68,4554.11
,8469.02,8612.36,8375.13,8575.62,4292.73
,8790.09,8921.08,8677.39,8738.59,3763.86
,8834.1,9019.96,8757.66,9018.09,3634.76
,8965.1,9070.32,8602.89,8684.09,4336.7
,8667.14,8952.81,8543.35,8952.17,4249.02
,8269.74,8591.82,8264.16,8567.37,5320.02
,8744.03,8904.11,8562.05,8566.48,4559.9
,9011.55,9148.32,8927.8,8980.78,3587.95
,9301.2,9315.26,8940.49,8965.61,3595.52
,9188.44,9322.88,9166.01,9221.28,3188.59
,9708.01,9715.95,9542.33,9576.59,2750.16
,9799.2,9820.86,9636.94,9750.97,2745.73
,9782.81,9838.37,9777.1,9817.18,2470.86
,9679.04,9747.68,9675.8,9732.74,2279.42
,9728.9,9746.36,9693.05,9731.18,2226.72
,9657.04,9748.32,9650.02,9711.97,2254.87
,9688.6,9728.77,9666.69,9725.96,2366.51
,9680.89,9714.74,9617.21,9638.94,2450.07
,9493.63,9628.66,9493.63,9628.39,2187.52
,9526.64,9570.09,9496.53,9520.51,2243.72
,9540.98,9575.66,9505.68,9572.15,2313.86
,9574.1,9574.94,9454.93,9508.68,2470.24
,9398.39,9485.38,9374.05,9467.97,2447.34
,9190.72,9299.85,9188.55,9273.4,2427.32
,9324.33,9324.8,9123.22,9150.94,2696.09
,9211.15,9303,9185.18,9298.93,2345.37
,9318.26,9329.12,9249.04,9275.16,2234.62
,9201.82,9288.87,9182.33,9269.68,2169.02
,9092.46,9185.45,9088.04,9139.31,2593.91
,9446.21,9451.43,9273.23,9314.91,2622.97
,9377.72,9409.2,9334.13,9402.48,2465.85
,9413.61,9439.29,9375.13,9383.77,2454.58
,9361.07,9397.58,9350.2,9370.81,2686.61
,9392.37,9393.48,9346.81,9388.94,2542.54
,9313.45,9357.92,9301.32,9357.13,2312.11
,9253.76,9298.82,9231.14,9258.7,2443.22
,9270.61,9298.33,9226.49,9251.33,2553.16
,9213.72,9274.49,9193.06,9273.93,2536.82
,9232.95,9235.2,9164.66,9178.86,2382.9
,9202.27,9215.95,9158.5,9203.43,2540.96
,9068.03,9168.89,9059.38,9129.24,2472.62
,9076.64,9091.93,9042.55,9068.58,2381.74
,8943.5,9072.41,8943.5,9071.47,2810.45
,8976.43,9065.76,8976.43,9020.77,2586.52
,9039.46,9093.43,9010.89,9092.19,2862.7
,8918.74,8975.36,8912.77,8972.6,2186.83
,9004.45,9006.36,8909.19,8945.99,2051.32
,9049.47,9052,8987.32,9006.62,1833.74
,8970.21,9022.46,8968.46,9022.39,1639.96
,8955.01,8957.12,8934.36,8952.88,1014.53
,8950.2,8956.64,8934.55,8945.65,2028.67
,8911.84,8931.91,8901.87,8924.96,3830.2
,8838.97,8888.13,8838.97,8887.22,2446.89
,8834.65,8848.76,8820.42,8827.74,2742.33
,8829.47,8831.99,8804.6,8823.36,2382.45
,8791.31,8833.45,8789.77,8814.23,2368.05
,8713.91,8768.87,8697.58,8734.88,2219.63
,8645.36,8745.82,8633.6,8717.32,2396.4
,8631.12,8658.48,8622.36,8654.05,1982.08
,8623.56,8650.76,8600.82,8616.18,2058.76
,8650.86,8678.85,8619.77,8621.83,2123.87
,8634.25,8665.44,8630.58,8656.53,2057.02
,8587.93,8588.89,8541.92,8570.7,2133.38
,8557.45,8584.88,8552.38,8566.67,2158.87
,8460.72,8523.98,8435.4,8520.64,2318.76
,8672.84,8672.84,8540.16,8567.99,2240.3
,8682.01,8697.32,8664.04,8665.47,1099.09
,8669.59,8705.91,8662.58,8705.18,1748.52
,8635.4,8659.73,8625.62,8647.93,2439.37
,8559.65,8633.15,8559.65,8632.49,2262.75
,8530.54,8535.46,8477.49,8519.88,1885.73
,8527.87,8530.73,8487.29,8506.21,2073.72
,8543.57,8578.27,8468.63,8526.73,2608.78
,8578.02,8589.76,8536.73,8570.66,2094.03
,8529.16,8559.78,8503.62,8549.94,2053.26
,8524.48,8540.83,8506.8,8540.83,2199.48
,8461.06,8485.36,8441.58,8479.02,2113.84
,8455.02,8496.9,8451.34,8482.1,2180.01
,8471.07,8514.84,8462.99,8486.09,2001.44
,8431.26,8467.29,8425.48,8464.28,1719.3
,8422.67,8475.57,8405.89,8475.31,1982.14
,8455.11,8483.16,8415.87,8434.52,2403.68
,8426.57,8426.57,8379.33,8410.63,2342.57
,8446.62,8457.39,8421.05,8434.68,2327.42
,8445.5,8451.37,8421.3,8433.2,2166.83
